"SHA","Message","Build status"
"22b75589a03ed12a05493779eb03fcba2bcc93a3","Merge branch 'main' into issue/155543","1"
"63bedd28589f12b2b5ecc4a07951d73dac616e4d","Merge branch 'main' into exit-code-is-not-restored-when-PROMPT_COMMAND-is-an-array","1"
"eebf615a251ca3827ebd694e945fd967ec3d9226","Merge pull request #159822 from microsoft/sandy081/partial-dragonfly","1"
"b3c2847042471c3a416bcaf74541a4fe4bd4d8c9","Merge branch 'microsoft:main' into issue/155543","1"
"07ceed3d0920df31d659c0f1c771af306f843bed","Merge pull request #159764 from microsoft/tyriar/159761","1"
"ffa11990cb2c2eb4c91693d299d92b03f38b285e","Merge pull request #159788 from microsoft/dev/joyceerhl/unwilling-parrot","1"
"5efb186b4f43d27e5a56d16bef75ad3fbb81f8f6","Merge pull request #159770 from microsoft/tyriar/158595_2","1"
"2335d959257a86e290bd3e693298d387f3000c6e","Merge pull request #159300 from microsoft/joh/swc","1"
"73d08166e9050287cf6e020cae5c704bb9f23ec6","Merge pull request #159715 from microsoft/artificial-rhinoceros","1"
"47e556e91b4c9fb8e4f8d260ae7d7fc46d1029ca","Merge pull request #159670 from microsoft/tyriar/157611_2","1"
"98c9c2543a2b22c578ee1e9fb0b80f5ba539666b","Merge pull request #159681 from microsoft/tyriar/159678","1"
"fc4b583a4aee226beb453230c9ed04d5efdef21a","Merge pull request #159667 from microsoft/tyriar/159617_followup","1"
"99a7f26b70fe1162c169ea652d447e14df303497","Merge pull request #159611 from microsoft/sandy081/fix154090","1"
"95205a3cdd95618a5036ca44e1debbf568916668","Merge branch 'main' into joh/swc","1"
"d00804ec9b15b4a8ee064f601de1aa4a31510e55","Merge pull request #159661 from microsoft/joh/fast-pigeon","1"
"861eff6d40bfae882f2ec450120f4e0a524b5ff0","Merge pull request #159666 from microsoft/tyriar/156864","1"
"a9e28d5ee42f2dca8547752f31d149b6dd42ba1d","Merge pull request #159626 from microsoft/tyriar/159618","1"
"fa9d5ab1509108e2c9582f495d26eb49584d7fda","Merge pull request #159578 from microsoft/tyriar/osc_hyperlink","1"
"72f734b0064ca8cedda6d0b682dec0dd743f0f9e","Merge pull request #159617 from microsoft/tyriar/lgtm","1"
"dff9f597d466b6d4ecf95562ffb1a1f55147db06","Merge pull request #158609 from microsoft/tyriar/156179-options","1"
"af14c1036eab6be63b45e6c902dc368fd4285977","Merge pull request #159568 from microsoft/aiday/wrongOrderOfOutlineElements","1"
"93327316c0764f192eed5899571a415771e404a1","Merge pull request #159305 from microsoft/aiday/issue159136","1"
"95279b7671357d728895a37c8fc59abbb8160b2a","Merge branch 'main' into aiday/issue159136","1"
"f62d2c849f88b917a9a88fb7926d61a24122d25d","Merge pull request #159198 from microsoft/aiday/issue157165","1"
"3e44e34bfab740dc1406c273df153a193e24b472","Merge pull request #159488 from microsoft/dev/joyceerhl/inevitable-porcupine","1"
"ae2fde2b524f4753e7dc1f88eda5e8f784c05462","Merge branch 'main' into dev/joyceerhl/inevitable-porcupine","1"
"d1cc8561e497b24ed2e557dd51251e24f1543642","Merge pull request #159494 from microsoft/xterm_update","1"
"3cba0ec4bd5cc7cfd249c0ae1db5ba4f2191d42b","Merge pull request #159321 from microsoft/aiday/issue159271","1"
"b177848997ecfd5d70d825cabb6583f3d4f2e758","Merge pull request #159314 from microsoft/joh/registerSingleton-explicit","1"
"43ae27a30e7b5e8711bf6b218ee39872ed2b8ef6","Merge pull request #154098 from microsoft/joh/normal-crow","1"
"e18726faa9901880804716bc009476328902a322","Merge branch 'main' into joh/registerSingleton-explicit","1"
"2b53e15c8108952611d0fe4eca299f4784ab0a41","Makes some merge editor dev commands available in browser","1"
"1082c71d1b78073d4f9ee7a6e8744f8cfb96dd8f","Update merge editor diff and word diff colors (#159216)","1"
"fe743bbfe0c3affe13240df60703b42faa3530ac","Merge pull request #159231 from microsoft/regional-parakeet","1"
"59b4df03d29f246be6b6bb02ed512140cefd8910","Merge editor: use solid borders (#159208)","1"
"21aa6be73bfdd226e6d35ba7bc57235494004b85","Update Merge Editor Colors (#159199)","1"
"22c16c4091f696a2056fe020c9ba392775e02389","Merge pull request #159099 from microsoft/aiday/issue159064","1"
"bef7f2a86a087c8c73a9e00c6b09163eba08e47a","Merge pull request #159066 from microsoft/aeschli/terminalDecorationIcons","1"
"7f787e383d88cf2e2df5dd5d6a269e1b9c4e309b","Merge pull request #159121 from microsoft/tyriar/126023","1"
"18d584f2557f9f2e203c9fe68bd93623160081d1","Merge pull request #159120 from microsoft/tyriar/155532","1"
"778c818083cb6f1a9573bc2d94d0cbfd6ef627ad","Merge pull request #159117 from microsoft/tyriar/158497","1"
"c416626b45b78bfa256b635999cdc70d94b8adf4","Merge pull request #159096 from microsoft/unaware-platypus","1"
"aee288ea22c9887c159342bb3c3b01ad4c0e1719","Merge pull request #159085 from microsoft/mlively/pasteRefactor","1"
"6273efd6b6852ce77b49ee53f2482387689abb08","Merge branch 'main' into mlively/pasteRefactor","1"
"e1d50b06a522e9765b9d498e05a06af52e3a6503","Merge pull request #159031 from microsoft/aiday/issue156874","1"
"1bdec7a5d20e97f4eb333d773248fa065c7cfa02","Merge pull request #158887 from microsoft/aiday/issue158871","1"
"479d1ce4c1c632eace35e47f08a9cb25dd71ff2d","Merge branch 'main' into aiday/issue156874","1"
"3c7d0fe90c6adeeea888187cbff2726d4017028c","Merge pull request #159007 from mjbvz/witty-starfish","1"
"7a8e7a2af69bd6ee10cfd5b21f08cadb4837e074","Merge pull request #158930 from microsoft/ddossett/lexical-gayal","1"
"1e0957c492e85ecc134e1a1f9e5df948db6e6152","Merge branch 'main' into fix-53262","1"
"8cb8a76ac891c83d8967eea15228def90850de21","Merge Editor: minor updates to font and title bar styles (#158945)","1"
"0380d81838e30bcde7d91addaa32963b79b285eb","Merge pull request #158604 from microsoft/tyriar/158595","1"
"d5104dc1894e4a78b600662bf8958c7a2b9286a7","Merge pull request #158869 from microsoft/aiday/issue158813","1"
"68cda09553046ebbf7f3c22cbdea8752114fd2e0","Merge pull request #158892 from microsoft/joh/crooked-tahr","1"
"d5a59298e260cf82e9e7c7ed22c7ab0428ed89a9","Merge pull request #158782 from Semesse/exthost-lf-test","1"
"f9093f63756f78afcb77ffec4e6f0b25a0c8dedd","Merge pull request #158404 from microsoft/mlively/newCellPasteBug","1"
"4fd221627c33c5f572e380b24bd65aedf133a1e8","Merge Editor: update background and border colors (#158825)","1"
"e6b12e0895eb32023118f0cbf573ed1ebf7324f8","Merge Editor: use dashed borders for unhandled changes (#158815)","1"
"9034897df46dee1f0f6270dc60ea26b016dabe55","Merge branch 'main' into tyriar/156179-options","1"
"1076180257af86c0f540faf7f6087041bd37ef8c","Merge branch 'main' into mlively/newCellPasteBug","1"
"ce32c59fea9aaa14106948ec77d6633a54aed588","Use 1px borders for merge editor conflicts (#158796)","1"
"2fe3b4574ad5e329c03e5ba4cb82c1daff205835","Merge pull request #158794 from microsoft/tyriar/156385","1"
"da710e0071a7bcfd8ee65e6ce36d97cc9b915c3a","Merge pull request #158795 from microsoft/tyriar/156386","1"
"9b507bca623293fc9a7f739cd0173056597149bd","Merge pull request #158616 from microsoft/tyriar/156179-quickinput-find","1"
"650669abff7dcfccc04bc2649ffa0eeb5bfafc1e","Merge pull request #158559 from microsoft/aiday/issue157055","1"
"d143272ecbe8315ee118fecf7aa4cccf9a7f1ce0","Merge branch 'main' into fix-53262","1"
"4162134bd7ef7700793600d0fa1b2c2b77dc0221","Merge pull request #158730 from microsoft/aiday/issue158571","1"
"eab7774b3e8bf06ae18241302de33ac46a7d55ba","Merge pull request #152292 from etriebe/etriebe/add_firstmatchcanbeweak_option","1"
"b314c8f1fa4f25450965d94ba86564cd81ff7066","Merge pull request #158744 from microsoft/isidorn/stale-lemming","1"
"ac6a9ce604cfb6ebb5beb1aad7a9e0b42892232b","Merge pull request #158695 from microsoft/sandy081/yearling-otter","1"
"c2d963e9866f0d7660e3f70eb871c723240a715b","Merge pull request #158728 from microsoft/aiday/issue158563","1"
"45d2dd8c543d2874909d2e21cf9a59ef9df2f549","Improves merge marker presentation in merge editor. (#158738)","1"
"e009a3b518f4b81b63d0a5c8ccf51400aa8623b7","Merge pull request #158732 from microsoft/isidorn/characteristic-halibut","1"
"929a64a6b81abdb167f6ccf69deafe499cbca62c","Fixes scrolling bug in merge editor (#158721)","1"
"3892d2ae659ca462df7e0303d713d2512605da28","Merge branch 'main' into fix-53262","1"
"be093d260e306f8501aded133ea5b4e85ca2f293","Merge pull request #158630 from microsoft/tyriar/158326","1"
"5a5d62cd2779edcfb292293b56f1181915b07dc9","Merge pull request #158635 from microsoft/tyriar/121926","1"
"4ec47f2389d1d871bea48c91204c64eabe5fcb0d","Merge pull request #158629 from justschen/justin/moreWidgetWork","1"
"9f7ddb2f8b67f105c8e915281fa60c092d82836b","Merge branch 'main' into aiday/issue157055","1"
"856b42802fa0201fd28b6610519e266880ec15d0","Merge branch 'main' into justin/headerSettings","1"
"9c4c0442b1095be68226286d443886b9949a3a2b","Merge branch 'main' into etriebe/add_firstmatchcanbeweak_option","1"
"3cb582412f84abd630d3dfcc7d39014e68e765db","Merge pull request #157783 from babakks/support-other-terminals-cwd-sequence","1"
"6523fbe6363bb1e46c67cd36d8225c148775a27d","Merge pull request #158608 from microsoft/tyriar/156179-list-filter","1"
"0d950abb1021f6abb388ebd22e1691b1be841475","Merge branch 'main' into support-other-terminals-cwd-sequence","1"
"6e02893369c442f77bf08755d0de0edb34dcbde0","Merge branch 'microsoft:main' into justin/headerSettings","1"
"2b22d8bfa423a02cb5f531b9d2ecb79c17f5adbb","Merge branch 'main' into etriebe/add_firstmatchcanbeweak_option","1"
"78cd55abf3d9426b1364e59f492e3e7a9c66e049","Merge pull request #158600 from microsoft/tyriar/158597","1"
"1e6ac12df197fc3e5d1c1bdb25702125cccb135a","Merge pull request #158266 from microsoft/aiday/stickyScrollTesting","1"
"a3f5d2437b832338cdb8fae87f2450608bb122d0","Merge pull request #152008 from CsCherrYY/cs-reference-view-api","1"
"b6f53f1d7855ef1faa88799caeafd5fe1c7cfcf8","Merge branch 'main' into aiday/stickyScrollTesting","1"
"11b6d009a4ec1567b50ba2c0ac5235d5db8ba1e9","Merge branch 'main' into cs-reference-view-api","1"
"28f604dec81b609dd7e69362585f7a99d4c48f88","Merge pull request #158534 from microsoft/tyriar/pin_case","1"
"771b8659042f2d76ba1b0e5e39f88e5d4b89f082","Merge branch 'main' into mlively/newCellPasteBug","1"
"47bb748505933aa5431017445ca21cfd70dcb425","Merge pull request #158500 from microsoft/tyriar/158238","1"
"f3215d56813a70914796d9aa1f3e9829b23d9278","Merge pull request #158369 from microsoft/aiday/refactoringStickyScroll","1"
"519082320b9e361f08b695295075c80fa5e57ce6","Merge branch 'main' into mlively/newCellPasteBug","1"
"69c8ac5ef2c35b81cd45c827e3be93701ff03e6d","Add border radius to merge editor button (#158508)","1"
"028186209f6b4db55b9cf10ab7edb26206ef237c","Merge pull request #158377 from microsoft/joh/reduced-bear","1"
"559ebf8777f5e1bce3f39b59ff44dae184366221","Merge pull request #158275 from microsoft/sandy081/christian-ox","1"
"e0a398369747b72f4cbe23f98907e0b86b8ea41b","Merge branch 'main' into joh/reduced-bear","1"
"55ab801cfba0b91db2e41e1779dc82f832613463","Merge branch 'main' into sandy081/christian-ox","1"
"b08f38c035254bb6cd5254d5a8e785af1b7099a8","Merge pull request #158410 from microsoft/dev/joyceerhl/clinical-donkey","1"
"60bd040a546da721b7881dd8290ad8685f56de96","make git's `openMergeEditor` user-facing command and show it for editors that have conflicts","1"
"a8bc9c8c13d67926154df2faacec4e74035feae2","Merge editor cleanup bugfix (#158373)","1"
"95d21cbc37ccc323fca5a7dab22ecefb41e3d608","Merge pull request #157654 from microsoft/tyriar/fish_lang","1"
"1906e4038a159693793779c97c323cafdcb9c40a","Merge pull request #158361 from microsoft/aiday/issue157757","1"
"1f86576cb95925e79d92c8af04424680bb144945","Merge pull request #158307 from microsoft/joh/calm-alligator","1"
"b2bf3e4dd829309a7612cc944076eb6a0cdc24e2","Merge branch 'main' into etriebe/add_firstmatchcanbeweak_option","1"
"3edcbec59a15e6bec9538d37b9ac47702d90a3a4","Implements conflict marker folding in the merge editor result editor (#158288)","1"
"d6e93d9eccd7de3863e4c1b4870dba5261479242","Merge branch 'microsoft:main' into exit-code-is-not-restored-when-PROMPT_COMMAND-is-an-array","1"
"c56dd9462419ea93dff35eb325065f50e7b77184","Merge pull request #158198 from microsoft/tyriar/158120","1"
"aa0e7b731a74edc34c1498bc19d3c520f6f2abf1","Merge pull request #157559 from ChaseKnowlden/cheerful-pigeon","1"
"ca6a6317ce1f71599dba1cba655198ba305a1e45","Merge pull request #156965 from FantasqueX/patch-2","1"
"f250d3f77e99f7d082ff6b94dd9f318e000cd261","Merge pull request #158127 from zgracem/improve-fish-integration","1"
"f7c7130c9ae2603f282c529e9010c649518c9abc","Merge pull request #158140 from jeanp413/fix-155030","1"
"99e003463f734f8a1cbf5d67f89a74bfb619455d","Merge pull request #158051 from microsoft/tyriar/157890","1"
"3da9f3f87889a5e24fa6b82b36f0266c3393679a","Merge pull request #158004 from microsoft/sandy081/aesthetic-elephant","1"
"7dd5f05b6edd531e6945a41df25c6eb9c276017f","Enable conflict marker decorators even if merge editor is enabled. (#157982)","1"
"e7360ef52dc17c214263291697b7f20ad89d9cbb","Merge pull request #157988 from microsoft/aiday/issue157802","1"
"74f8a781d0d4615889139132adc53f6a378f0490","Merge pull request #157923 from amunger/interactiveExecute","1"
"485e6c9b17e1a0cc375bfdcb4f7da562e737073f","Merge pull request #157900 from microsoft/tyriar/157611","1"
"67cd95c4ec17b112638df306668a6333c0f7b381","Merge pull request #157707 from microsoft/maximum-slug","1"
"c3e6bd21d494ef2b848e235addab417f3c7f3171","Merge pull request #157803 from microsoft/benibenj/treeItemContextFromCommand","1"
"6886750c224e209b179048391e0ef97d620c2cb3","Merge pull request #157711 from microsoft/tyriar/157298","1"
"ed3c69364a23fc91b69d837db7b9f76f72c07c82","Merge pull request #157723 from microsoft/rebornix/nb-document-hash","1"
"f6a746fc466b0d135c62d7290c37823c28705769","Merge pull request #157070 from microsoft/dev/joyceerhl/advanced-tiger","1"
"618fff800ea104fe3ad4f1c0e5c0a773cd67b5d8","Merge pull request #157790 from microsoft/157444","1"
"18e2c39c0c8ccb9a8d28cacfc25bd28b367fb106","Remove `donotShowContainerTitleWhenMergedWithContainer`","1"
"ed499223468888a13f897245ec48616f8fedad48","Merge branch 'main' into benibenj/treeItemContextFromCommand","1"
"60768058fd95d6e065fd4dc289d0def18accf13c","Merge pull request #157778 from kidonng/patch-1","1"
"9a9378d26f05e7c4ca15620057d7ccf2c3a110be","Merge pull request #157631 from emeric-martineau/fix/prompt_command","1"
"ca824e6c14587ebe88da902388ce1492d9cf9521","Improves merge editor dev commands (#157706)","1"
"a7f9339b68ddd8a9fda45f330c7bc36e18ac0209","Merge pull request #157291 from zgracem/fish-shell-integration","1"
"a5abda784d53fd9a4a028948e2797244404000b7","Merge pull request #157697 from microsoft/143769","1"
"0fd84b574605666359b58ee8541c327cd80b192b","Merge pull request #157684 from microsoft/tyriar/133542_2","1"
"41d9c4965977f48091c37d7a0190b3b8241af8e6","Merge pull request #157635 from microsoft/tyriar/finalize_si_2","1"
"4d186827a7e47bc466beede51b8ca138f71f085a","Merge pull request #157653 from microsoft/130231","1"
"de2ae1da8ac8534a74aad7d43f24a8a16876cd9a","Merge remote-tracking branch 'origin/fish-shell-integration' into fish-shell-integration","1"
"2ecea7fa70b94d44b8bd2bf9b5b25c00f213bc53","Merge pull request #157483 from microsoft/aiday/refactoringStickyScroll","1"
"b41684837fc92a621d79940f6f34ae6f1591399b","Merge pull request #157516 from microsoft/benibenj/disabledTreeItem","1"
"1c82bb3c6df7b6365a4b9893a2b8da7b8d563f4a","Merge pull request #157582 from microsoft/dev/joyceerhl/digital-mink","1"
"fa3d9cb22c0bdc88b67209a752ae5cec6b49bb84","Merge branch 'main' into etriebe/add_firstmatchcanbeweak_option","1"
"aafaebd5c19f4b518384ebd468ff26e0908564bd","Merge branch 'main' into fish-shell-integration","1"
"28c025e45d9d37a82a34deb260633b79b4c1d257","Merge pull request #157377 from pingren/fix/terminal-cwd-unicode","1"
"13429c254b99fdc0b1d28056d5fd5e43e95f5c07","Merge pull request #157535 from microsoft/tyriar/157524","1"
"029b9bcc1c6274b074439ef7b30d5a74fae5105a","Merge branch 'main' into fix/terminal-cwd-unicode","1"
"f3d5abc4979aa81c6ebb935d32806d588cda8cb3","Merge pull request #157505 from microsoft/tyriar/157417","1"
"c23afced7dc031ea5da246a40a49665d92523c25","Merge pull request #157509 from microsoft/sandy081/subtle-halibut","1"
"23a31cb18dd122931ac26c0f1f1e47b85c75746f","Merge pull request #156071 from MonadChains/selection-bug","1"
"dae1f74098a268de68b6acb27df615a9f486732e","Merge branch 'main' into selection-bug","1"
"34f184263de048a6283af1d9eb9faab84da4547d","Merge pull request #157487 from microsoft/isidorn/hissing-chinchilla","1"
"afbe9605e56c31538d95365d306e21ddfb951d55","Merge pull request #156486 from gjsjohnmurray/fix-156481","1"
"66aef7979d4695d31750ada0748f316b76500a80","Merge branch 'main' into fix-156481","1"
"60f1e28df60f2280aa2f8c9f89a5adbad7cdbeda","Merge pull request #157330 from microsoft/tyriar/reattach","1"
"cb79d015557d546d0d48cea97d7fc3ac0d3dc590","Merge pull request #157350 from microsoft/tyriar/fix_ps1_tests","1"
"938ad8b418bdc793bb7da80ab2165513745ce0b5","Merge pull request #157272 from microsoft/tyriar/157226","1"
"b01f24b6f92540e80375323b3567bab42d656d04","Merge pull request #157348 from microsoft/merogge/z","1"
"7745a4595f6dea2e1df0d2dcb0074890cd4db297","Merge pull request #157270 from microsoft/tyriar/157083","1"
"7888ff3a6b104e9e2e3d0f7890ca92dd0828215f","Merge pull request #157256 from microsoft/isidorn/distinctive-bovid","1"
"c0560907e9af72fddc558b4d6ca8b6f232f9d018","Merge pull request #157171 from mjbvz/able-rooster","1"
"0af9e099c973a4a18ab99a1247ca78f335ea6aba","Merge pull request #157101 from microsoft/aiday/issue156999","1"
"9ad7a046699b9c196eaf3dcbfd1d406c82a161c1","Merge pull request #156058 from babakks/add-fish-history","1"
"689f5036ea60532e13416c9550efba6c0e568d0e","Merge branch 'main' into add-fish-history","1"
"b91245de85dc5429ad340fa491abaa4510da4ec4","Merge pull request #157094 from microsoft/tyriar/156503","1"
"8ba9963c2edb08d54f2b7221137d6f1de79ecc09","Merge pull request #157091 from microsoft/aiday/issue157054","1"
"5a986e360ce492fe674fbc10e960a5dbeb2be59b","Merge pull request #157089 from microsoft/tyriar/155234","1"
"ce3d9d0accc927d6436bffe6c5c88f53c2ccc643","Merge branch 'main' into electron-19.x.y","1"
"e1c952371a0cc1628ba7e0ddf64e5395730d3487","Merge pull request #157037 from microsoft/dev/joyceerhl/tory-leopard","1"
"5d4730dbec4b3f81a92722b6d64b6ecd43271495","Merge pull request #157029 from microsoft/rebornix/notebook-no-test-skip","1"
"62af9e993f17be832601e976a5b59266581316ea","Merge branch 'main' into add-fish-history","1"
"a17876551e110f7d056efc6b6a37a9783f6295fa","Merge pull request #157005 from microsoft/tyriar/155955_2","1"
"11cea7dfb79b4bcbea2b99f3c955a7636ddeac58","Merge pull request #156993 from microsoft/tyriar/xterm5","1"
"9aea0a6c112941c0635b635da91fefecd7dbfd38","Merge pull request #156994 from microsoft/aiday/issue-156881","1"
"67a6b6c80d0ab1bcae89db2e8a2a99985f90fd7c","Merge pull request #156992 from microsoft/aiday/issue156744","1"
"9acb4a7496594f06927901e4e7c92bfea1d35a32","Merge pull request #156133 from microsoft/hediet/bracket-pair-colorization-performance","1"
"827d54a687e14048ed9a945c9e235b0b558c16f7","Merge branch 'main' into hediet/bracket-pair-colorization-performance","1"
"f0207c0abbb2150386d71ec673360565ebdca2d3","Merge pull request #156792 from microsoft/sandy081/extensive-sparrow","1"
"59cd6e48d8a94bcf591c07167fe0270c8b433ef9","Merge pull request #156807 from microsoft/tyriar/156806","1"
"b84c21a79bab16d8dcd605a396db8a7d59f433ad","Merge pull request #156650 from microsoft/alexd/issue-156645","1"
"6f5460671dd5b8de073f7a72b5a7361212d9cce8","Merge pull request #156619 from microsoft/mlively/ipynbRender","1"
"78f402334ca2ec69d0ac8404a02651553f038c1b","Merge pull request #156578 from aiday-mar/aiday/semanticScroll","1"
"bd9ff90a64cd0208d260ba18e71e3cf02232e128","Merge branch 'microsoft:main' into aiday/semanticScroll","1"
"35042f531626962c7bad6f6729fc7fe8c031a97e","Merge pull request #156563 from microsoft/joao/inadequate-swan","1"
"0397ca4a4843cca225a88810c95bc60da537ca45","Merge pull request #156562 from microsoft/alexd/sticky-scroll-improvements","1"
"562281e08b984cd11abc84c0a915c843716120aa","Merge pull request #156466 from microsoft/hediet/model-disposed-bugfix","1"
"c6037c9e57315d896e58e3f9aa5af0d52abc6a57","Merge pull request #156469 from microsoft/mlively/esbuild-support","1"
"6cb10e9cfa016c5c773f3fb4d7821f2da33f2d61","Merge pull request #156475 from microsoft/dev/joyceerhl/statistical-magpie","1"
"31266e21424152d9146f32ee74bc6a4bc6e91c0c","Fixes #156180 by tweaking merge editor result shadow & gutter width (#156463)","1"
"f0b500d54109f0acf5f3f8e5e7d93f93d5af879f","Merge pull request #156460 from microsoft/revert-156450-hediet/monarch-bracket-pair-matching","1"
"d391f2c1ffcd270bce8c85d810e4b8a0f3822fa3","Merge pull request #156313 from juihanamshet1/modifying-bracket-completion-range","1"
"c12aa6da6fca058af60a9d5e7419d7ff763a7df6","Merge pull request #156430 from aiday-mar/aiday/semanticScroll","1"
"4cab11e346d7ffddab53728aa94503b2fa068fa4","Merge branch 'microsoft:main' into aiday/semanticScroll","1"
"4372050da37ed58d6bb8d3fee64e133c1320aeb8","Merge pull request #156094 from FantasqueX/patch-1","1"
"45e0ad107ab50573c8c089338ee10d65aa3889fc","Merge pull request #156306 from aiday-mar/aiday/semanticScroll","1"
"dd807977b119e930caef3526031e9a2fdaaac4e5","Merge branch 'main' into modifying-bracket-completion-range","1"
"eca4972002906eff6e936e6f4625b51725e37761","Merge branch 'main' into patch-1","1"
"13b1427953e2d1b0e691cb60cdd2163a1a78d027","Merge branch 'main' into justin/widgetPreview","1"
"3cc267b93b47f19e885afbd2f2c4f2a2941c974b","Merge branch 'microsoft:main' into justin/widgetPreview","1"
"9623b43abe248422e9e59bc9c226e0d4bddc1cd7","Merge pull request #156349 from microsoft/mlively/ipynbMarkdownRenderer","1"
"e4ed3e085524e3947308126fab86cb6ebee85675","Merge pull request #155506 from microsoft/hediet/bp2-usage-telemetry","1"
"d392b284c22d31b79174ff120e59e471860604ae","Merge branch 'main' into hediet/bp2-usage-telemetry","1"
"89b035aa3de34fb1b956c0533a3b86ddb4866f5b","Merge pull request #155977 from aiday-mar/aiday/semanticScroll","1"
"ee903b00b73d9b90ab33004b6bd3e3c876f3a7b6","Merge branch 'microsoft:main' into aiday/semanticScroll","1"
"b2d1545f1585c5b4f09c3369a78646edf27d9937","Fix bug in merge editor dev commands (#156155)","1"
"c1b16a3a353c82502f18e3e3c2408330c19ad959","Merge pull request #155974 from justschen/justin/CodeActionMenu-Widget","1"
"1e7907e8f8bd4f0fb560d50f4bbd15be5274235e","Merge branch 'microsoft:main' into issue/155543","1"
"2b2f9f74ee71b5947a4878728a914cf5dcc19e89","Merge branch 'main' into aiday/semanticScroll","1"
"9428c6650b8107e24565dde466268f0e7ec903e2","Merge pull request #155777 from Yoyokrazy/temp","1"
"82fda354756a0a38ce94e719213d46121a363f2f","Tweak merge editor dev command names (#155978)","1"
"0c4187895d19367ea8dcdabe2b9d56e72402823d","Merge pull request #155916 from microsoft/tyriar/155817","1"
"9ba5ee22fa8c853841da5a91927b5a4c6e934fd1","Merge pull request #155975 from microsoft/tyriar/155232","1"
"739f0c450f8e05fa12d56d1707ea45b821073ead","Merge pull request #155962 from microsoft/tyriar/fix_link_test","1"
"db13aa67d5c623d297bb352677e2468ed116a771","Merge pull request #155968 from microsoft/tyriar/actual_return_symbol","1"
"b8876a2d60a7d521e89f589f6436e1e204c20c93","enable merge editor by default (#155937)","1"
"13ba7bb446a638d37ebccb1a7d74e31c32bb9790","Merge pull request #155921 from microsoft/tyriar/skip_test","1"
"6293fa11bc2b1c6b412cfd141722da58cf45bdf3","Merge pull request #155904 from microsoft/tyriar/155532","1"
"517aad847d5ce53a49a03f8bd316e35399006676","Merge pull request #155877 from microsoft/tyriar/155872","1"
"f0375cc1568b9163f9fb11887f858bcce48ac033","Merge branch 'main' into tyriar/155872","1"
"19f63c6126ccf9476c483bcc79b1922b973901bc","Merge pull request #155873 from microsoft/tyriar/155871","1"
"2cb7539f3a56860ebdf896ec84d94efec21564e4","bump distro to solve merge conflict (#155876)","1"
"7dc8e247b7583c79659ca6c8c6ff6605ec1cf991","Merge pull request #155607 from microsoft/tyriar/locate_cli","1"
"bbbae594da8035c790c7f62bb8a80fe588daaecd","show ""Accept Merge"" only for files currently under conflict. (#155822)","1"
"3f454e92113e89bb3ae3247e412c04636dc183c4","Merge pull request #155666 from justschen/justin/CodeActionMenu-Widget","1"
"565b23b88c81874896c807d092f1f3031c2681d4","Merge branch 'main' into justin/CodeActionMenu-Widget","1"
"316cf3e57ea591fbb965cfc268a7706184e3c68f","Merge pull request #155741 from microsoft/tyriar/155648","1"
"40ca7ae5ba3eb55ad4408d6d29c22eea629148f5","Merge pull request #155606 from microsoft/tyriar/tasks_args","1"
"7a1f7101dbc3ca27ac222fc06a6d7d17eb5ce1b7","Merge pull request #155701 from microsoft/joh/realistic-duck","1"
"7cdaa5792853b34e99c334ee30c5f8220d0944f7","also default to opening merge editor when conflict is about adding (#155711)","1"
"9440d5c6b5c9fcc086995155855dc460f0a15af3","Merge pull request #155642 from microsoft/tyriar/153550","1"
"650e4b5e68d22d111ed22e571c274ddf48faa96a","Merge pull request #155627 from microsoft/tyriar/153570","1"
"f07a6625863b643e0389dac0621818ac6df952bc","Merge pull request #155626 from microsoft/tyriar/153591","1"
"828993be96b56ef4d4b51e8b15c4c076a5191e37","Merge pull request #141726 from microsoft/joh/cellUri","1"
"f8aeb2013e6184b64bfd7455f5df6799c7c30a11","merge editor - use `basename` when invoked from CLI (#155614)","1"
"44e25ba96e244b10b1021e04b392bc761ea61d62","Merge branch 'main' into joh/cellUri","1"
"13d630d1f8a5e00f5db681ff4301f4f44531f756","Merge pull request #155604 from microsoft/tyriar/93241_cli","1"
"4b95a2d3edef09299f0f1626b08d8049a91f85dd","merge editor - fix regression with editor resolving (#155596)","1"
"54694499a05e470711387732ac7cf55c224bc3ba","Merge pull request #155524 from microsoft/tyriar/155336","1"
"a5412dc9d82c41b8c6e482b9f800a046cecc4bbd","Merge pull request #155534 from microsoft/tyriar/155402","1"
"c036f3257b99c7df81a9e8c07211bed55bf154ec","Merge remote-tracking branch 'origin' into electron-19.x.y","1"
"665487a3c522ed333fdc6e0174fc6fd7d8e91861","Merge pull request #155523 from microsoft/tyriar/153921","1"
"a567b593d52685075199f266c91e9bddc17a8589","introduce `--merge` to bring up merge editor (for #5770) (#155039)","1"
"93486fa234e1cca93cbf967b16c9b273a4dd4b15","Merge branch 'main' into etriebe/add_firstmatchcanbeweak_option","1"
"8bada27fdd5b7e7d601a435961a24c2b41cb4cfe","Merge pull request #155148 from microsoft/joh/double-barnacle","1"
"58402a0d9e649afb2e2357474636ff591c2c61d8","Merge pull request #155344 from microsoft/misolori/brilliant-unicorn","1"
"054a536dd2d3e1b63a196a5e8fb97e55e1d9c256","Merge pull request #155276 from microsoft/joh/cruel-hoverfly","1"
"5315bc8567188908f4a04f47acf3f211b5b07ace","Merge pull request #155321 from microsoft/joh/innocent-tiger","1"
"241057e45bacdd7e9aea57f57b70ca692b225ee5","Merge pull request #152718 from babakks/add-surround-with-snippet-to-quick-fixes","1"
"29e6da6efa2287aaa981635a475d425ff4fd5d5c","Merge pull request #155184 from microsoft/tyriar/155065","1"
"44b7c86844f22f7bafe28fd88b24697a651dc284","Merge pull request #155183 from microsoft/tyriar/155035","1"
"86fc94416c235ff96a4a43709be63a8e4bd37f19","tweak message when closing dirty and conflicting merge editor (#155176)","1"
"e1146e0a25f80668c11a9942ebc78cee8882cfe5","Merge pull request #155046 from microsoft/tyriar/si_cli","1"
"c12daa6ea98ff1b08cb5aebae78aa743c7f58e82","add 'Open File' command to merge editor title bar (#155159)","1"
"0f0101be5f038c38326c5867b164017156617fa4","use `TabInputTextMerge` in git extensions","1"
"23f95b1e935dda5247b638a1a44a41fc91e167c5","Merge pull request #155119 from microsoft/tyriar/155118","1"
"2f5b5626e7d55a9972ad881aae48dc229083900c","Merge pull request #154822 from microsoft/sandy081/shared-process-request-service","1"
"96acd5f37f6a3b9dce05a9d5b99d89b3dc9efaa3","Merge pull request #108401 from turara:resolve-78733","0"
"0cd5f7973a08e1f1901794fdc6c475ebd028225a","Merge pull request #109368 from microsoft/ben/login-dialog","0"
"83d5bad52388b3dcec96a3023614a3bc8096bd81","fixes - merge sync state always when extension is updated - compare version to update remote extensions with version property","0"
"ddf1c354f9a9539dfef1b77a8e08fd4a9507a846","Merge pull request #107879 from microsoft/aeschli/colorSchemeSeparateHC","0"
"2ef6c258b0a93045d2fafa36b42940b0d4401e4f","Merge pull request #107215 from microsoft/aeschli/welcomeViewGroups","0"
"ee8378e8066a70092f773f589b29a4a272a41636","file access - merge asDomUri into","0"
"7f93f17da4a131adee959425354f2b55c5203b94","Merge pull request #107067 from pfongkye/issue/#105866","0"
"c6688faf96e32675d60e9c36c4d6856763a1624b","Merge remote-tracking branch origin/master into joao/build-cleanup","0"
"c1472bd0d6fd411bf52294a9c0dda5bddfb0b97e","Merge pull request #106856 from microsoft/joh/resolveCodeAction","0"
"d45d4ca352ea45b5c4e55e480c879237297d63e7","Merge pull request #106898 from microsoft/sandy081/fix89595","0"
"95d85ec77329af24d3473dc4827578507cd1fd0c","Merge pull request #106953 from microsoft/sandy081/sync/switchService","0"
"923189c75a4b5f97c5df6d183c07adf530f7c4dd","Merge branch connor4312/auto-attach-js-debug","0"
"78bad9989e719fa35845a8cbcdbcf51df933ae35","Merge pull request #106813 from joshbolduc/jenkinsfile-groovy","0"
"9e505675670d65138405321a60b0df4ddec28799","Merge pull request #106560 from microsoft/sandy081/web-playground/login","0"
"d25064ba8a07a5ac49d84813f35213d3f88839bc","Merge pull request #104694 from microsoft/roblou/reparentContextKeyServices","0"
"e75b1a6dcd02813ecb2f139db33dcd2c484c5d80","Merge branch joao/linux-arm","0"
"60f9684f940eee538bb9642394d38acdf3f51a25","Merge branch master into ben/pinned-tabs-setting","0"
"c4d50913a948260f0fc5e12973bb2b904a8f2c81","Merge branch master into ben/pinned-tabs-setting","0"
"5d8fb451b852b6e3b00a811196d161b5c733cda0","Merge branch master into ben/pinned-tabs-setting","0"
"073b9c7ff59a661d748434b8e03daeb1673b0a1f","Merge branch master into ben/pinned-tabs-setting","0"
"e56f766fa973d59293ae594b4bdacef01a090f5c","Merge pull request #106061 from rchl/fix/json-language-features-docs","0"
"b6bb2189cd2ed930026366b014aede146a0bbc4e","Merge pull request #106216 from microsoft/ben/sandbox-environment","0"
"67f3411eb15b6acb89178c9803a38388aa072e64","Merge pull request #106153 from microsoft/tyriar/link_disposal","0"
"3da939d1d749d4fe2cc8d2fa6a3299b67d830233","Merge branch master into ben/sandbox-environment","0"
"1c320c0a141db835fe624e4885a6f5f32c82f534","Merge branch master into sandy081/initUserData","0"
"4cd3ec378ca985af4eb3c932f2a951a0a1061104","Merge branch joao/scm-view-service","0"
"e42f5a6947537890ad7f32ac0d0e1cb986ab5e77","Merge pull request #103349 from nrayburn-tech/semanticobjects","0"
"5e4f1b081bf1659144706b264d8de2adc2ac90f1","Merge pull request #103951 from cyyyu/master","0"
"c95626acd0a737d15053bbfc81ae7e794c45348f","Merge pull request #94825 from ultraGentle/master","0"
"fb13eb1b53acc2e2dae2f52d89fc6623f54a249d","Merge pull request #104052 from pfongkye/issue/#102933","0"
"5f8c07edc497358d9c0c547d3f3410659b2d1fcf","Merge branch master into master","0"
"c1f44f4e3e6410b53b74de904562cd507b96aa8c","Merge pull request #103436 from codebytere/fix-json-reporter","0"
"cf51e846d65837c1d4e00887af9e2c99b823d2a8","Merge branch master into master","0"
"152157be436c019694900765e10dbcc23268e9b2","Merge pull request #103338 from nrayburn-tech/extensiontoast","0"
"330cda8fec700939ebe4275a7fea2483c2600dec","Merge branch master into extensiontoast","0"
"8ca1cf6293821eda6e4319c3aa65d713a6b89b48","refactor sync to reflect preview","0"
"187e9ddf5e4d3398fb6c17e783bcd1eb64377a71","Merge branch master into joao/submenus","0"
"708a3ccd27db7370058def6dc68413c5926aea20","Merge remote-tracking branch origin/master into alex/102062","0"
"0c7c7c3d73c9fdb31de9f9c1466598bd9cb451ee","Merge pull request #103054 from rebornix/rebornix/integration-test-notebook","0"
"0e78d70a991b64bc93b6c5b77b587a74f446cc6e","Merge pull request #102101 from microsoft/aeschli/sortExtByPrimaryLanguage","0"
"9c9877b68ab5a7394fe7ef047a6313adab1dea9b","Merge branch master into aeschli/sortExtByPrimaryLanguage","0"
"5451dbfb9e96d3f28259cb8b9a239a5cd2c745d8","#102581 update icon and merge view into title","0"
"a0603603d94bf1ec706fc31b9b2d70eaf5eabd1e","Merge branch master into misolori/editor-on-type-color","0"
"196a30d1797351128d4188859f86d6d935e07f3e","#100346 merge unmerged resources while applying","0"
"e61413cd55092121c69d8719ccb2069e091ba331","Merge branch master into dependabot/npm_and_yarn/lodash-4.17.19","0"
"4e648e27dd09c6bee1d167e657c6f63bafe2d63d","Merge pull request #102771 from microsoft/dependabot/npm_and_yarn/extensions/css-language-features/server/lodash-4.17.19","0"
"7f9df80a54956eaf8ab589f4ac441a734be5bb51","Merge pull request #102772 from microsoft/dependabot/npm_and_yarn/extensions/markdown-language-features/lodash-4.17.19","0"
"4639fef39a8edd2b566ecff27a677918bdfdc5d6","Merge pull request #102774 from microsoft/dependabot/npm_and_yarn/build/lodash-4.17.19","0"
"ea581395be64519c5fbd3908c9c290f23b0684f1","Merge branch master into dependabot/npm_and_yarn/test/smoke/lodash-4.17.19","0"
"847a98f34c769605610b97e5fb5d6f7bc0500b15","Merge remote-tracking branch origin into rebornix/multi-kernel","0"
"48f23d838fc68c16eab0752e4754a6a3124e0a85","Merge pull request #102471 from troy351/patch-1","0"
"1b314ab317fbff7d799b21754326b7d849889ceb","Merge pull request #101828 from microsoft/roblou/resizeSimpleOutputs","0"
"23600d514d1015788a2b4dc0ac1979155293bb28","Merge branch master into roblou/resizeSimpleOutputs","0"
"dd4c78303b229ac8f7f02131262d385f8be742e6","Merge remote-tracking branch origin/master","0"
"691d20ad2e1051973b4be8b22f48a79902d3e809","Merge pull request #102508 from connorskees/issue-98404","0"
"1d745fe4922f43dae6717263d95aa2c410d49d5d","#100346 add merged prop to resource preview","0"
"9ada5827b47423bbfd7ce0ac8d7ff45123765851","Merge pull request #97644 from ludokx/diff-editor-codelens","0"
"9e21a4e8217c42268d496a6eacc227cf2edfa067","Merge pull request #100445 from gjsjohnmurray/fix-100437","0"
"2697636dc0f110a501aa878fd943af0303378877","Merge branch joao/selfhost-compound-tasks","0"
"ee4b512e2485f19426baa3fdf407c9af72f099a7","Merge pull request #101801 from microsoft/clantz/issue-101361","0"
"11a26457cf85b1663ea6e58ceb6765ecb1b09c8c","Merge pull request #101677 from gjsjohnmurray/fix-101674","0"
"8cd23cf040974c35eed6b337ae45d8f087eec30a","Merge branch master of https://github.com/microsoft/vscode","0"
"01eb1fa8cb6a23e52f46f9be6ebf42e50e4212d3","Merge branch master into fix-100437","0"
"1ec127e62ccb32597d79576d3388649631c1336a","Merge branch master of https://github.com/microsoft/vscode","0"
"0959e79a09b70413dd60924e8d10455047a0384f","Merge branch master of https://github.com/microsoft/vscode","0"
"b4d8f06c93b5e37026bbd0bde70d8a91409e712e","Merge branch master of https://github.com/microsoft/vscode","0"
"76eea18280aec11626ffed511830ea55615afdba","Merge branch master of https://github.com/microsoft/vscode","0"
"0710dca120d16a52b03ba700b8cb70a29baf41ee","Merge branch master into clantz/dev-container","0"
"0fb1871c09f9b9e0ce09787895a48ceee456ce7e","Merge branch master of github.com:microsoft/vscode","0"
"ab97712e7e25e5499bcec04ebbe9296ebaf2525e","Merge branch master of github.com:microsoft/vscode","0"
"ae1599a0b79eebabfd5d0b091aa62499ae241c85","fix merge-conflict for browser","0"
"780d8b24d94de76cc4d78694ddc25c9c81f9d9e9","Merge pull request #97611 from AlexStrNik/fix-peek-problem-actions","0"
"97c2df47eac609ba85a797143b7bbb17e4b15953","Merge branch master into fix-peek-problem-actions","0"
"fe66be1224ecf4aed59acd0310126b671c7c6ecf","Merge pull request #100794 from microsoft/connor4312/allow-multiple-dynamic","0"
"951abb3dbaea45f9ae2c114b3e768190e5f8ad31","Merge branch master into joao/scm-view","0"
"20e8323d5086b2627e081872051f9f047119f387","Merge pull request #100923 from microsoft/aeschli/html-headless","0"
"653a7af4aaff121795492a7b9b90f845fc555d7f","Merge branch master into master","0"
"932aaadc32aba30d3687870d178ad6a46cd78c7d","Merge pull request #100755 from microsoft/sandy081/serverless/inlineBuiltinExtensions","0"
"45a222d4c55b70ac92a034a5b192550378f4c217","Merge pull request #100729 from microsoft/alex/extension-host","0"
"a5cdb444139fdca4c2eb5c04cca9f55340cd2d67","Merge pull request #100657 from MrNossiom/patch-1","0"
"a2668168b249f862fa15e30a67d99feb17598b96","Merge remote-tracking branch origin/master into alex/extension-host","0"
"a5c1ddeb1f1a7efc116b8a3edafa729b2a7a33e7","Merge branch master into joao/scm-view","0"
"f14fa4d0b554cac3c49e478a635c2e236e69403c","Merge pull request #100266 from microsoft/joh/notebook-inputs","0"
"58e91ce0443b1f277e8ea575ae7d8e7b996cfebc","Merge pull request #100288 from daniel-j-davis/feature/paste-in-debug-window","0"
"f4e27033d7ccda12465615f4369e20bb03090b4b","Merge pull request #100285 from microsoft/tyriar/hover_service","0"
"713043432b678b2c3308a26b91e169c0ced986f4","Merge branch master into joh/notebook-inputs","0"
"ac4e67b552fd5101bee9663ad3d5937a2203aa29","Merge branch master into joh/notebook-inputs","0"
"ac46779c72e730c8dabdfaf01845f90654b54ad7","Merge branch master into misolori/secondary-button-style","0"
"f67a58767b5fb8c5ef92b78690063c18bd859d4e","Merge pull request #100126 from microsoft/roblou/listFocus","0"
"a870da6ab23741904a50120fda93cad043ebcbc2","Merge branch master into tyriar/term_errors","0"
"5053f27c39ba68caa857d863677213d72d5200dd","Merge branch master into tyriar/term_errors","0"
"74f9a3d2e9444ce7e9e213518033adbc38f9d9f2","Merge pull request #99912 from gjsjohnmurray/fix-99854","0"
"c7b869a391965c5161a98c0fef96da6842411abb","Merge branch joh/nbRefCount2","0"
"daed3bb13200d73e58eb8df0596d4e50c623cd24","Merge pull request #99675 from microsoft/joh/extUriUnBiased","0"
"503d35a7b21dcc98f4f6139ada2db65700b3ebd7","Merge branch master into joh/extUriUnBiased","0"
"d2fae2e1802deb10b19d57af29dc4659317aff11","Merge branch master into joh/extUriUnBiased","0"
"e26e4cf7e8275ec9454663de16cef74ef1757d57","Merge branch master into joh/extUriUnBiased","0"
"e4d88737ae63a1e1e28268b87580f18984875491","Merge pull request #99658 from microsoft/joh/uriIdent","0"
"aced01ddeda6102c044375545579ac69359a052e","Merge pull request #99640 from DonJayamanne/fixCellJoin","0"
"1aaf78b06216bf09d5432c115a361028af3e6200","Merge branch master into clantz/dev-container","0"
"a2983662deb372c1afe20b4e53aea5eba3c31c87","Merge pull request #99453 from jeanp413/fix-99350","0"
"e98f64f953ae1265e2546a96bfca985541e68e18","Merge pull request #99488 from microsoft/rebornix/genericCustomEditorInputFactory","0"
"81bfc53ef71608b954dc09decc3512b82e0d6395","Merge branch master into kb-filereplace-case","0"
"7c7d7128045e6f3692ad2e989d1bb0400bac735b","Merge pull request #99461 from microsoft/aeschli/fix-98053","0"
"ca674a07121c4b3f2da227beae66bc25cc41ebf2","Merge pull request #99319 from gregvanl/FixTypo","0"
"f6caf01684207c756589939e7051daaba2561509","Merge branch master of https://github.com/microsoft/vscode into clantz/dev-container","0"
"cc09e1d5ba867481ed32461ce2467b973823351f","Merge pull request #98974 from ChrisPapp/highlight_color_97521","0"
"8ebaa0c0f1ce0718e1d75d81b1a97cdebba76369","Merge pull request #97207 from microsoft/misolori/issue97204","0"
"45a80baf128967dc4910e6fd0f66863e9f4e1e43","Merge branch master into misolori/issue97204","0"
"af99f3cdc7e18c4bb07a1e821ecc544d2f57b2d7","Merge branch master into misolori/notebook-cell-polish","0"
"6e6a2bab2e96da33116a83a95c8ba790f04b54ba","Merge pull request #98923 from microsoft/rebornix/notebook-events","0"
"02016869377547ca53314059422daee4fc37424f","Merge pull request #98690 from microsoft/roblou/downloadBlobUrl","0"
"ebdff39cca7f5ee5e4ddd16e92d7fce2cce5cd93","Merge pull request #98607 from microsoft/rebornix/notebookMoveNSplit","0"
"a8ac52a4f746954ab0fcd66612ab58776619a0e4","Merge branch master into launch-input-variables","0"
"eec3db0bf3027c1aeea19ed6083d7cf3fae9d67f","Merge pull request #98764 from microsoft/aeschli/cssheadless","0"
"c86d1760eae82434aee0ad406234649bf1baa47f","Merge pull request #98691 from microsoft/rebornix/multi-exthost-renderers","0"
"8eef8425abbb3e5b0af1bccff530ef95cffdfd8c","Merge branch master of github.com:Microsoft/vscode","0"
"d637255b1738a564c27ddfbc2ce6e8aa89ca6933","Merge branch master into ben/electron-sandbox","0"
"3f8a1a43edb5147e1d1c6aceceaa447fc6ee1a07","Merge pull request #98323 from JanisGailis/add-monokai-dimmed-terminal-colors","0"
"a389e193e60da7d782ac79111c58003c9f6eb878","Merge branch master into add-monokai-dimmed-terminal-colors","0"
"1221df9e97d492093a41426d1fe188cda650e010","Merge pull request #98595 from microsoft/misolori/seti-update-05-2020","0"
"6d7800fe9c5d50efe88d7465090116721e4bfa0f","Merge branch master into misolori/seti-update-05-2020","0"
"2f00b861e07632f746e81724b57e30141c10e9b4","Merge branch master into ben/electron-sandbox","0"
"c8dd9a4500220e44a36258e5a0b0ecf6570f5b4e","Merge branch master into ben/electron-sandbox","0"
"d321061c8c44842569944dbe93fbba57a2ae2f00","merge moveEvent into CellsChangeEvent.","0"
"8c548290184735cc0faae4ea6f5f3de76e508805","Merge pull request #98182 from microsoft/tyriar/96266","0"
"9a7a2ddacba3bbf832da5df1deb9e14c25294af0","Merge remote-tracking branch origin/master into tyriar/96266","0"
"536078737fdf63321c6f5bc7fd0b4ccb7eb98207","Merge pull request #98126 from microsoft/rebornix/documentNEditors","0"
"1b9576ff30e9123f5936a3eed863fc0d4b18ee3b","Merge remote-tracking branch origin/master into tyriar/96266","0"
"24e33630b7474805f82252e919ed4155795b7249","Merge branch joao/github","0"
"815d94efdccbd25adae4497548298eae0f7e66c2","Merge pull request #81555 from penx/feature/node-module-resolution-for-css-import-parent-folders","0"
"0fffab3aaa2b89b8761a08f5ce7c8d1a63710554","Merge branch master into feature/node-module-resolution-for-css-import-parent-folders","0"
"4a8f0088fed4fb9617393981db49127fe314a99e","Fix merge issue","0"
"6e0e9770c91901e64f504660a88163ef3b8936a8","Merge branch master into more-sort-order-options","0"
"6f2b49d5753a24a396bb67b9ec813dd8b02507f5","Merge branch master into connor4312/filter-debug-exceptions","0"
"608c5826476e1abab3b9ea5e401a983dc8bdd4ff","Merge branch master into macos-dark-cursor","0"
"5486b1a0ba062a9f64d57a9c2aa787d0c757ee97","Merge branch master into aeschli/avoidthemeonbody","0"
"382d4d90d3d63eb20b93b418cd893d298e6865c4","Merge branch master into focus-notebook-output","0"
"b50057f051051b571b05ad37f88fe8fb463ca9a6","Merge pull request #97198 from plttn/plttn-typo-1","0"
"1c4b3759ff8c4483e506834e51d7e9fa31ac80b6","Merge branch dbaeumer/linkedMapIterators","0"
"0a4d76def62ce7ed62578af57e1312362bb81dfa","Removed extra imports made by merge","0"
"9094be6ba8d41d502cc9888f6a89f9c2f78db405","Merge branch master into focus-notebook-output","0"
"2c0ff7ab98f3f12ae9b20512946776641086527a","Merge pull request #97072 from microsoft/isidorn/statusbar-focus","0"
"052fca0b45ada269db5a385b1caf4a53d531da90","Merge pull request #97066 from microsoft/sandy081/delaySpdlog","0"
"13f8cb7684ff8a89e91703583a7e1aec22a4d015","Merge branch master into sandy081/delaySpdlog","0"
"2be4e43b4a071daec91bb1ff2acfb2e3cd08d76e","Merge branch master into kb-filereplace-case","0"
"e5be2d8ad7f827f946ddc006dfb1ae3e4c816585","Merge pull request #97065 from microsoft/tyriar/provide_links","0"
"a211a05627b9f6ba03892b893af4b47fa60ad4b2","Merge branch master into tyriar/provide_links","0"
"69b4cfbec38b5fa9d3592ccc6b977bdf1995b637","Merge branch master into kb-filereplace-case","0"
"f015e86eb54735c2cd1ddfccc1da9ac7834242f7","Merge pull request #96934 from microsoft/ben/title-prefix","0"
"cd49ae3a7d2f1634b7b76d50cff5a3f2233c3f57","Merge pull request #96810 from microsoft/rebornix/notebook-textbuffer","0"
"fe63069c2fe8816086d36a0c60b91b495a65d665","Merge branch master into kieferrm/split-cell","0"
"896de3362b3aa3a714159e8cf8bd6db903e35730","Merge pull request #94327 from shskwmt/94173-scroll-when-inserting-suggestion","0"
"5487172961fe3a9524c2a7a9ca28e3cd3fdbbb1a","Merge pull request #95739 from ChrisPapp/rename_bug_#92507","0"
"384ec8f54fd5a7bab8456a59ecc7ea3b22b0cd88","Merge branch master into rename_bug_#92507","0"
"26c0fa13d6738e13f78e2b0cf6280962d4ae9b42","Merge branch master into fix-96009","0"
"c7e6927cde1f73f6995f9f7d4827d0244a0308b8","Merge branch master into rebornix/notebook-actions-rename","0"
"28f838bb9eed63086b87e45c5e97cb2dcafacb36","Merge pull request #95653 from jeanp413/fix-95461","0"
"41b936be91f9013bc5c51e86538a5d5b44a8c3f5","Merge pull request #95958 from microsoft/alex/vscode-oniguruma-wasm","0"
"01776ad2dacad1680850bc5d56d10223a85aff93","Merge remote-tracking branch origin/master into alex/vscode-oniguruma-wasm","0"
"df1a7b0e8a10525c1d78b5a528293ebdb88d5c11","Merge pull request #95780 from fleck/patch-1","0"
"4a3e8819127ce292601b3afcbf7f0592e1ffa94e","Merge branch master into tree-loading-icon-95878","0"
"687131cb883dfd5c504c7cf748833452b33820a0","Merge pull request #95778 from microsoft/aeschli/themeApiFinal","0"
"f442810fc653b64c51c87da854ff6827e33951ed","Merge pull request #95872 from IllusionMH/menu-icons","0"
"b929910423798e61eda500251c8645506acdcc50","Merge branch master into menu-icons","0"
"aa0b9cd129f0070a5a9fa03f788e2cdbcd005270","Merge pull request #95877 from microsoft/isidorn/listWidgetAriaLabel","0"
"8bfbc985c3af854a5dc8b697166989933768d07d","Merge branch master into aeschli/specific-codicon-names","0"
"0497890ec7d39f5e3fc62cb21621c6473d583d86","Merge branch master into aeschli/specific-codicon-names","0"
"df1f0712f6f8def6e0b52065b6fe66dab66c4e53","Merge pull request #95608 from microsoft/tyriar/hover_improvements","0"
"3ce73998d9fea29d548df012bb2d58c6e35171d5","Merge branch master into tyriar/hover_improvements","0"
"29622d375af8dd8493c881c59d51a0b5acdc2420","Merge pull request #95546 from microsoft/tyriar/46696_env_var_ux","0"
"8d4b66c7f534372d14b0b6782e3d401dba1ee229","Merge remote-tracking branch origin/master into tyriar/46696_env_var_ux","0"
"d5f4f05abcc2deb1cc24bdff380a5b1a53517f32","Merge pull request #89945 from microsoft/misolori/fold-icon-themeable","0"
"af452a4f05bf82446b0e1136bc987e96baa2c8de","Merge branch master into misolori/fold-icon-themeable","0"
"7c50981d8c6f5b6af0cae24a152132a9c23ac3df","Merge branch master into misolori/fold-icon-themeable","0"
"8d4cb4e436ef9d64656f6ee5ddb44f8c1497c900","Merge remote-tracking branch origin/master into tyriar/46696_env_var_ux","0"
"885a12d61a47a2e060e96196f84e84b33ef8c0e2","Merge pull request #95438 from microsoft/sandy081/sync-auth-flow","0"
"650eaa262dcb1ab7898e304e833d3befbca2d407","Merge branch master into sandy081/sync-auth-flow","0"
"743e0006510a90f6ef0f48f4cb04a080a3431c11","Merge pull request #94798 from microsoft/joao/api/finalize-scm-input-visible","0"
"d2cf8af4f04c54eeb7796cfeacbdc875a71bbd63","Merge pull request #95365 from connorskees/issue-95364","0"
"ae0bd40fb879d200b277334e4728e7392a1f7075","Merge branch master into sandy081/sync-auth-flow","0"
"ceff3e04c35f31e4d1e5d87dcac6ee8b25a48939","Merge pull request #95392 from microsoft/rmacfarlane/signOutDialog","0"
"ca16694028f47bb09aa1a1f3951524dc2dfde659","Merge branch master into rmacfarlane/signOutDialog","0"
"a2745b19e3fd209550a2a92dfcead689136e75d1","Merge pull request #95391 from microsoft/rmacfarlane/noAccountsMenu","0"
"005beb223a15573fb2244b3d0e306e031a0d0901","Merge branch master into rmacfarlane/noAccountsMenu","0"
"e2e8461d68ec782533d6fbe3700b424391a5493d","Merge branch master into joao/git-remote-providers","0"
"3db96845a91d948df03660afdb15feb891248e46","Merge branch master into issue-95364","0"
"53bbba0b8f08558902882b6c7c266d401007aa07","Merge pull request #94968 from jeanp413/fix-94323","0"
"90f9fcb6726aed9a62ba2bca6025764591fc4468","Merge remote-tracking branch origin/master into tyriar/46696_env_var_ux","0"
"fdab8aef2ac105a98da2e4b967bdb37d6e7052ef","Merge pull request #95245 from TylerLeonhardt/autoclosing-powershell-herestrings","0"
"9d5a5515b39b413c9f31679e0a194c6aab46eacb","Merge branch master into issue-94961","0"
"1585bdebea901a1f17c1fab54e8ae8701f9f79b8","Merge remote-tracking branch origin/master into tyriar/46696_env_var_ux","0"
"aca7aace79ec36cd235601a66ce40eb5a605c606","Merge pull request #94963 from microsoft/xterm_update","0"
"67a4829fa1bb52487c880a0f1384540aebefd364","Merge branch master into terminalLinkHandlers","0"
"2e2c1d6cd35ea5278667b5d01a655d29f4c6290d","Fix bad merge","0"
"73c19a7b3480b8154bbf608fa00c5679ddb78b2b","Merge branch master into terminalLinkHandlers","0"
"b7e0abbdccf3d43c9ac382bce1ccfcb16d5ec6a4","Merge branch master into tyriar/90539","0"
"0f532605efd3845e33b1a9d12da7fc7371292481","Merge branch master into scm-resource-context","0"
"9d6105b9d8992efa35a1220bc7b16662f65f0a99","Merges changes from distro that should have gone into master","0"
"c28d9d72f94f63b73d02e4fafda93e7c94e16833","#94599 merge into single service","0"
"f189f801c3e4b4366c29597430b0bf0552410048","Merge pull request #92100 from jheiv/master","0"
"6e89889166c54f7ce49ea4cdec5183c76b1036c9","Merge pull request #91872 from jeanp413/fix-91871","0"
"8b919e498334ebcbece865d62cf45cc22f45e600","Merge pull request #91261 from jeanp413/fix-90714","0"
"9cb1b2cdc41f7dbbd87d0d2a94969d914911b1c1","Merge branch master into joao/list-a11y","0"
"d411d96dc1f9af70ef3bfc1bb1d9fa7e8405233b","Merge pull request #94559 from microsoft/tyriar/92021_shellType","0"
"df8b833e00b28f714d88eabacbefc72b14147f24","Merge pull request #94472 from microsoft/tyriar/94388","0"
"13a6b20db5a0fa0f1b4d61561fdf2b224cc85862","Merge pull request #94540 from microsoft/joao/iterator","0"
"fda15e87c04cd081ff0f10eec981a5670e99e87a","Merge pull request #94526 from microsoft/joao/cleanup-builtin","0"
"1c46a0b15dced1f6cb9b803d55015b2a37cf5a24","Merge pull request #94435 from sh7dm/display-ext-version","0"
"d2ff4f71438cebcc737ff5fe4cc1c662e7bb6dc4","Merge pull request #94503 from microsoft/joao/fix-snap-env","0"
"01d2058052710b13a58d9ffd0554e2525977d300","Merge pull request #94483 from microsoft/dependabot/npm_and_yarn/build/minimist-1.2.3","0"
"6d0becaadff8df79bcaa3d8c649ec538e95f4902","Merge pull request #94409 from gregvanl/CodeLens","0"
"e0850567f5abe08af3ca8a8301882467a6357650","Merge branch master into fix-91871","0"
"6526fe0a1ade9d8f6e566811f4118191b84bf9f7","Merge pull request #90773 from MonoLizard/windows-terminal-workspace-support","0"
"7ed0996f51b89dcde8d87b46cf825029b29757d0","Merge pull request #93792 from microsoft/tyriar/minimist","0"
"060d2ef19281ec0d619ab6bb8ca2017858e73d03","Merge branch master into tyriar/minimist","0"
"b2d0292a20c4a012005c94975019a5b572ce6a63","Merge pull request #93569 from microsoft/alex/semantic-document-range","0"
"827917d69805845ee0e42e90ae1854eadba863f3","Merge remote-tracking branch origin/master into alex/semantic-document-range","0"
"a8e7528b57df1c71756310697c28987623e26b28","Merge branch master into tyriar/minimist","0"
"7ea4f803a4d2cecfbd0b17e67b2ce2742fb026be","Merge remote-tracking branch origin/master into alex/semantic-document-range","0"
"6f5e1edcd109df1184ce72bf90055f15223c406a","Merge branch master of github.com:microsoft/vscode","0"
"5b7aa98201cf9442ce0252052268a8f3d9502fda","Merge branch master of github.com:microsoft/vscode","0"
"eeca0eb77740bda1490fc01e4667a49e64ee8959","Merge branch master into tyriar/46696_terminal_env","0"
"800464d6c74f152aad4301d49e6cadcc1d8906f9","Merge pull request #93531 from microsoft/fix-debug-context-update","0"
"0b68e23c7fceb9f3bdf734197354ee1f14b5f3cf","Merge remote-tracking branch origin/master into tyriar/46696_terminal_env","0"
"02e728eb11c6376ebb11eeedf06798e320851085","Merge remote-tracking branch origin/master into alex/semantic-document-range","0"
"55646f7cbae782fd6937ae132d3c7f079f0e63bc","Merge pull request #93378 from microsoft/aeschli/tokenLanguage","0"
"7c24c6d3d620d21661a8743cd3cd3c4897c5e10a","Merge pull request #93275 from microsoft/roblou/executionOrder","0"
"05225c7f365c7182274614b353b88fef1ef72956","Resolve merged collection","0"
"24eadd0abc63bd3ede542ca2d67d596511740bfc","Merge remote-tracking branch origin/master into tyriar/46696_terminal_env","0"
"93c4108d37f20f88ac35a535053dc7a0ead814d2","Merge branch master of github.com:Microsoft/vscode","0"
"adc309bffec2ace009a4a62ab3f46649b2a93f31","Merge branch master into sandy081/sync/globalStorage","0"
"152fdba08c675f1c439d96fe2fce16992d8febd4","handle storage keys in merge","0"
"145c3833f4809e7fd643d46fbf3b47a4016776d8","Merge branch master into sandy081/sync/globalStorage","0"
"e97426ba2b243b28af8daadc0eedf72e2fd2a2b2","Merge pull request #93125 from piraces/fix-history-extra-navigations","0"
"e149709f11c6f6d27417ec9bed40ba2be09256d7","update merge strategy","0"
"7a6aaf69b7383657e3c38503e5088798b7827cfb","Merge remote-tracking branch origin/master into alex/undo-redo","0"
"e38fba58226e85e6d41750c7543660e14f6ce512","Merge pull request #92859 from videlalvaro/issue_92857","0"
"196562bff21d3e369fe4a3090d8fdce7a6991c75","Merge remote-tracking branch origin/master into octref/live-rename","0"
"af03b9a34f718c66f498697a30cd7616354c78e6","Merge remote-tracking branch origin/master into octref/live-rename","0"
"c2bac14b1d0b60d4b1904198d6cca14065228bd6","Merge remote-tracking branch origin/master into alex/undo-redo","0"
"2884918cc3f0c21105f52973a46a3c2a2e6c1993","Merge remote-tracking branch origin/master into alex/undo-redo","0"
"30ac552996aa96246eb1358480956e2b6d0460ac","Merge remote-tracking branch origin/master into octref/live-rename","0"
"fb45cbf9a46c1ce447e498f07ae98fa1c1c6f69c","Merge branch master of github.com:Microsoft/vscode","0"
"90facd9e98cc3570be3e67fed9c8222e9d7a283f","Merge branch master into sandy081/workbench/toggleAwareCommandActions","0"
"1a5565ace0d1b9d57c89d3d014c934a47c88336a","Merge branch master into scm-resource-context","0"
"519b9552ad70cfcd104b328f2489d298fa9994c2","Merge pull request #92252 from microsoft/ben/quick-omni","0"
"66e66600f16ce1b88ea53a194d89176350efafdd","quick access - prepare for merge to master","0"
"fda49c06faf53958984610b1440a7aee57021386","Merge remote-tracking branch origin/master into rebornix/notebook","0"
"eec843acac63e810a6856b964d90b6e9fd26c102","Merge branch master into rebornix/notebook","0"
"b31befa9825414efd18885764f288311d6bff645","Fix merge conflicts","0"
"bedd22ce0afa9cc44bce5bc5ea7de355753db12c","Merge pull request #91953 from microsoft/sandy081/implement89512","0"
"3e0d421e2e3683c31159375937ba867e88c93c82","Merge branch master into master","0"
"3d23d67f33dfc6351e3e5e756cc41f0896fd010f","Merge pull request #91781 from microsoft/fix/long-suggestion-handling","0"
"3f4fcccc72f697bdc5c24a739dc6278b982c3e39","Merge remote-tracking branch origin into rebornix/notebook","0"
"63cb05ec3742ed587ae2f123a45329346e694ae7","Merge pull request #91594 from microsoft/rebornix/listview-item-heightchange","0"
"76db1859eca1213b2cc1c9e1d3dd10f7a3aa0013","Merge branch master into rebornix/listview-item-heightchange","0"
"8d80cea0dd345f4755c03455aed3e0bbe55a9250","Merge pull request #89868 from jeanp413/fix-89484","0"
"9f4b5ac2286017db344070a2405f15eccd6da301","Merge pull request #91767 from microsoft/ben/march","0"
"59047fdb9f7d6f12eebabaa51a3f844c4bf58ba7","Merge branch master into ben/march","0"
"5ec87bdd5b4c8801280267fa209d8943eb43af9c","Merge branch master into sandy081/fix91661","0"
"1dd89fca6a20c2eeb3470c6465f10334562c5908","Merge remote-tracking branch origin/rebornix/listview-item-heightchange into rebornix/notebook","0"
"ee7bb4f692ca14257183f823b87b4c628d718d99","Merge branch master into rebornix/notebook","0"
"59391f4636d7e91aa01ee8e497afbadd453559af","Merge branch master into patch-1","0"
"f524beab1c9239f32d469698552979174321ba2b","Merge remote-tracking branch origin/master into rebornix/notebook","0"
"e5019ef6560e813c0459e730db992819ea987ed3","Merge branch master into fix-89562","0"
"6f88d1633c0ac4ac7c1dfa8e67e1bebcac17ab4b","Merge remote-tracking branch origin/master into rebornix/notebook","0"
"673d98310a1090c86956cdebce4b520f81b15954","Merge remote-tracking branch origin into rebornix/notebook","0"
"92df7a03357801acdfcc2ccde202a740282bc69c","Merge pull request #90830 from microsoft/joao/notifications-linked-text","0"
"33545a2963a5a5de3a0e84c87e826f060f7f566a","Merge pull request #90825 from johnbillion/patch-1","0"
"c77f8a800ad7fa9a863192f2fb4ffb7eb0435348","Merge pull request #89005 from zjysdhr/issue/88294","0"
"cd6006b5ff25ec21f6f6a6b83c9ccc59e65dba42","Merge branch master into issue/88294","0"
"7149707b17ba5174b5b82bc50f81f1dfe230e582","Merge pull request #90733 from nrayburn-tech/master","0"
"7e68763082fa7b34fba5d798e2574e68cddab4c0","Merge branch master into master","0"
"2a29b668eefdf09b0c9906633e06d51d728de80d","Merge branch master into master","0"
"45c9589a5586a51a83efe9e4320de7605abe4787","Merge branch master into master","0"
"f0dc3f29349ac8ff6ef90d7e0b92a80938a0b87f","Merge pull request #90554 from scovetta/patch-1","0"
"446d670e74e191b2a59196985b8aaf45f83e85af","Merge remote-tracking branch origin/master into alex/minimap","0"
"8e984b076a029b97cddd962093c0f4846dee3360","Merge branch master into patch-2","0"
"e5113e0d72437119e717175cd654b0974bef52d5","Merge branch master into roblou/extLogsAction","0"
"b004c79975dba71ab6c245c0bead277dd519e388","Merge remote-tracking branch origin/master into alex/minimap","0"
"bfdfcc67c8cd2d9a5a5d233609ccf07031e760ce","Merge branch master into linkProvider","0"
"ee6278b01e9db64004e150c8a27d71e49a3a8577","Merge branch master into issue/88294","0"
"d0d450c6b0727783a66b5a288010c8e08544416a","Merge branch master into roblou/resolveConflicts","0"
"f26de90500c605ae89f5fae51fe642a113831635","Merge branch master into ben/shared-process-ipc-ready","0"
"58f77a6c88eece347a5953d6b340af7fceddfa5c","Merge branch master into joao/update-service-perf","0"
"37ef5e45afc1479f76ae7b964081a7393d497f03","Merge branch master into joh/continous-browser-tests","0"
"0332fbfc4bcd93f63a197bf974ffbfdc2f6761df","Merge branch master into joh/continous-browser-tests","0"
"562193e0d6d48faadf61f5ab5eadef1bf0d3fdce","Merge branch master into joh/continous-browser-tests","0"
"8a1ca2b6c0a5ba37c943c5f28a610d55984d0b73","Merge branch master into joh/continous-browser-tests","0"
"cf127f9edfff5c9c4f0adf88aab2d256e3a88977","Merge branch master into joh/continous-browser-tests","0"
"d92d732bfc5a6dbc7aee05874ab2adee89093d56","Merge pull request #90111 from nrayburn-tech/master","0"
"0531e588d980904bdc19e3b71fb048248bc2cd76","Merge branch master into bepvte/contributions-rename","0"
"519e5bb14c5c7974dacdd2be14f4b49d9f7f0297","Merge pull request #77762 from LadyCailin/master","0"
"47378319a37c6a068c286e65fb0c5541b46d9f6a","Merge remote-tracking branch origin/master into pr/LadyCailin/77762","0"
"1bf0aeae9743aedab6a79ad216299c96662c8b57","Merge pull request #70047 from gubikmic/scrollPredominantAxisOnly","0"
"bc30f2856439b1a704a00e11eaea8944162ee5a3","Merge remote-tracking branch origin/master into pr/gubikmic/70047","0"
"a885fbc2961566a66c41c97b4fdd83905f6349a2","Merge pull request #90009 from microsoft/alexr00/originalFSPathCwd","0"
"850d9d48ebc9b31ad3c5b2820ba7eebe9a5c4c1f","Merge remote-tracking branch origin/master into pr/wkornewald/80727","0"
"643121a20a0348cd570a99d7c84ca3c2d5842cd6","Merge branch master into joh/browser-tests","0"
"7a5a375afe39f2d0abc5bebc99d4646131da73a8","Merge pull request #90030 from microsoft/tyriar/unicode11","0"
"5f239c74146a6ed826c75a75b2e1bfbf7290eaa4","Merge branch master of github.com:microsoft/vscode","0"
"1908fdc68ba70f3f3ea2125660b65ab67b03aa74","Merge branch master into joh/browser-tests","0"
"a861520a49e2393370bd8a57433de43498f17dfc","Merge pull request #88458 from solomatov/pty-links","0"
"ba8caea0563c788ee7b8107cade11e9c4d8f8056","Merge branch master into pty-links","0"
"b22dd8e612c4b360d4289e199579cd0a04f8459f","Merge pull request #87677 from zhengjiaqi/min-app/editor","0"
"8b058bb0bb1cfa7686935faab9a9d0855637ac04","Merge branch master into misolori/fold-icon-themeable","0"
"a9fdc325b127663f5f463ecbe0d69a2c8f7f4133","Merge branch master into history-pollution","0"
"718053ccfc0921bdf03554c681c591f087d13892","Merge branch pr/rohanrhu/88664-1","0"
"5f58ff53438a55a64dbf81370ac3607319307937","Merge pull request #53963 from 71/focus-on-hover","0"
"3b1c430cfb3655660db444844a1a6a529056f3b7","Merge remote-tracking branch origin/master into pr/71/53963","0"
"38db643f266d738a6ea844370d33c6f73510c949","Merge branch master into fix/40646","0"
"1d71d49864791541a5d18c1190da3c310b22dc7c","Merge remote-tracking branch origin/master into rebornix/notebook","0"
"ba9c2775f00b068b9776ebd9ee0c630c17be84d9","Merge pull request #89777 from microsoft/joh/api-lint","0"
"b61b242503046166576ee4c377f80a852e08f43a","Merge branch master into issue/88294","0"
"33b5a9ba25b9a0d9ccc6fd5622aea67818895aae","Merge branch master into ignore_sub","0"
"8e0cfc1ab2bf9524c2e9e25f4c4bbfc46be4d974","Merge pull request #89653 from AlexStrNik/fix-intellisense-text-overflow","0"
"d959d2428ce505d7d1d6ce2df2e24e946ef0fcbc","Merge pull request #89156 from tejasrivastav/patch-1","0"
"1c589bd7e1777a4cf461ba4ffbbbc29ac0a906aa","Merge branch master into customViewUpdate","0"
"f22d298b68186a7d072f54808f69fa09bd6d4f32","Merge pull request #89256 from MaherJendoubi/misc-misspellings","0"
"856a5ad8ad2fecb6aa6b70dbefaa4c2bbf472119","Merge pull request #88714 from GabeDeBacker/user/gabrield/throwExceptionOnExtensionInstallFail","0"
"72186b21d185467abbd48749b588418d39a3e416","Merge branch joao/macos-build","0"
"284cf66ee0a8b73f3250588ab373645c07768582","Merge branch master into user/gabrield/throwExceptionOnExtensionInstallFail","0"
"afe0caf2f46a8224eac08198825abfb506d747b2","Merge branch master into movableViews","0"
"02b0532a1dbf9c6011e669b6b0c44eb0a53c50a9","Merge branch master into sandy081/storageMainService","0"
"f04c450f7f95c6fb8fb9ea28d4ce74a7299746d4","Merge pull request #88976 from jarodsmk/jarodsmk/mirrorCursorOnMatchingTag-default","0"
"2e2841dcb92198c2efecaf3c4126cf288587375a","Merge remote-tracking branch microsoft/master into movableViews","0"
"2832fc3c234daeda025f205a862703ba7eee6a10","do not show the merged remote content","0"
"1018bfac9c969c9caa4586b09314fbf7c3fcf158","Merge pull request #89014 from microsoft/pine/alwaysShowInlineDetails","0"
"c1a0defa5f2901ba13256de349ecfb20cc38a86e","Merge remote-tracking branch origin/master into pine/alwaysShowInlineDetails","0"
"ccac85db790bb10c3d6cd72d3155016be2afb2f1","Merge remote-tracking branch origin/master into pr/lmvco/88536","0"
"26fae7b67c72c1fb98efcd06c709ac810a3182ff","Merge remote-tracking branch origin/master into pr/lmvco/88536","0"
"d818559db056fda8b8d7b9d1fd10ce03271d7273","Merge remote-tracking branch origin/master into pr/lmvco/88536","0"
"4d429435762a3280e5bd6a7206ae6db4767e2674","Merge remote-tracking branch origin/master into pr/muravjov/41747","0"
"55861a8cda17ac1d4b449a066aa72c410feb8d64","Merge remote-tracking branch microsoft/master into movableViews","0"
"86218b280c86e98d11b076bb9ffc723d0131c386","Merge remote-tracking branch origin/master into pine/alwaysShowInlineDetails","0"
"34599a7d3194097bf03170ae47bdabbd050a4e34","Merge remote-tracking branch origin/master into joao/scm-editor","0"
"c83ff75d83195059637cdd68e7c9a678a5bb91ed","Merge branch master into joao/scm-editor","0"
"47994e5c41fac9f8423b2498f60c3618aba54b93","Merge remote-tracking branch origin/master into aeschli/inspectEditorTokens","0"
"ab5986603a0b6b8ec273dd6e436f147307490bd9","Merge branch master into aweinand/compressedtree","0"
"7a0505100171fd91657f4d7dc440dca163be0b4c","Merge commit refs/pull/86919/head of github.com:microsoft/vscode into pr/86919","0"
"465fc2b96547a9425a00e67f0278c5abec69d7a4","Merge pull request #88157 from RealZogger/styling-bug","0"
"32606ee41afc1d2dbdbc43931d5aa9921a57820d","Merge branch master into master","0"
"585e937ef223bcd1caf53d9c88db19391a8aa798","Merge branch aeschli/ts-sem","0"
"722bc320a9e404fca3770109c1c8fba14903c3fb","Merge branch master into misolori/diff-icons","0"
"5cb1ae06610290290c81fd62282d93e1a2cb3174","Merge branch master into aeschli/ts-sem","0"
"11045f78f71383d7133e80c001fe237799db7ca4","Merge branch pr/86778","0"
"99d2801fa547ba8c430840e6aac239ef4fcb8508","Merge branch master into fix-gitfs-stat","0"
"20437e98f6347a7b50bd56f919ecbc3c5e2efb62","Merge branch master into ben/overrideproperty","0"
"0b134f8c13b4e19574aaa97a37802a32d725ff0a","Merge pull request #88185 from jeanp413/peek-widget-focus-setting","0"
"ca1416f7e83bf61dcc8d30208cfa96f4c053b988","Merge branch master into aeschli/ts-sem","0"
"2ee7ddb01fd27c27f12d7c7a19f0ffdb7b105c57","Merge pull request #87880 from microsoft/isidorn/aria-suggest","0"
"fbad0c368e0d061bfc62901f3b21d6598e094a87","Merge branch master into aeschli/ts-sem","0"
"c346c6142d7022860c0a7daac533f9ec72d7a74b","Merge branch master into joh/bulkEditPreview","0"
"5e60e34dd98399b2342dd7e77f6a515a039aa7d8","Merge remote-tracking branch origin/master into alex/wrapping","0"
"be8788623b7f3f2e47d0580c6744c6951aa10856","Merge branch master into terminal-code-cleanup","0"
"517ff5d3a9f073595c1d236e8b298fa6ebfaef00","Merge branch master into joh/bulkEditPreview","0"
"8c34dcc521cf521cbf9a4ed5ccd2e0b553d2e974","Merge branch master into joh/bulkEditPreview","0"
"806f1e51428aeaebe67974f1a34ba61c1cab445f","Merge pull request #88167 from jzyrobert/88125-reverse-action-order","0"
"93fecc13e96242938db53ed1a1049e82d223bd59","Merge remote-tracking branch origin/master into alex/wrapping","0"
"57c4500da1ed719eaf7c3bed29e1b2fdee460002","Merge pull request #87999 from microsoft/tyriar/85257","0"
"1b17e36e725898eac61d4aee793f7f14ca6f3577","Merge pull request #88098 from Olovan/master","0"
